,,,,,,,,,
,🚨 PROTOCOLO DE DESENGASGO E DESOBSTRUÇÃO DE VIAS AÉREAS (OVACE),,,,,,,,
,"Algoritmo de Intervenção Imediata • Obstrução Leve vs Grave • Manobra de Heimlich, Golpes Dorsais/Compressões e RCP em Inconsciente",,,,,,,,
,,,,,,,,,
,🎛️ SIMULADOR INTERATIVO DE DESENGASGO (TESTE SEU CENÁRIO),,,,📋 MATRIZ TÉCNICA DE DESENGASGO & CONDUTAS POR FAIXA ETÁRIA,,,,
,1. Faixa Etária:,Gestante ou Obeso Mórbido,DIAGNÓSTICO IDENTIFICADO & CLASSIFICAÇÃO DA OBSTRUÇÃO,,Parâmetro Clínico,Lactente (< 1 ano),Criança (1a - Puberdade),Adulto & Adolescente,Gestante / Obeso / Regras
,2. Vítima Consciente?,SIM (Consciente),🔴 OBSTRUÇÃO GRAVE DE VIAS AÉREAS - GESTANTE OU OBESO MÓRBIDO,,Técnica Inicial (Consciente),5 Golpes dorsais interescapulares seguidos de 5 compressões torácicas,"Manobra de Heimlich ajoelhado: compressões subdiafragmáticas em ""J""","Manobra de Heimlich em pé: compressões subdiafragmáticas em ""J""",Compressões torácicas no esterno (SEM compressão abdominal!)
,3. Consegue Tossir/Falar?,NÃO (Silêncio / Tosse Ineficaz),CONDUTA IMEDIATA & MANOBRA ESPECÍFICA RECOMENDADA,,Posição do Socorrista & Vítima,Lactente de bruços sobre o antebraço em declive; cabeça firme apoiada pela mandíbula,Socorrista ajoelhado atrás da criança para equiparar altura com tronco ereto,Socorrista em pé atrás da vítima com perna de apoio entre as pernas da vítima,"Socorrista posicionado atrás, braços sob as axilas abraçando o tórax médio"
,4. Sinais de Gravidade?,SIM (Sinal Universal / Cianose / Afonia),"MANOBRA MODIFICADA (TÓRAX): Posicione-se por trás, passe os braços sob as axilas e apoie o punho fechado no MEIO DO ESTERNO (não no abdome). Aplique compressões torácicas rápidas e vigorosas para trás até expelir o corpo estranho ou perder a consciência.",,Ponto Anatômico das Compressões,Dorsal: Entre as escápulas / Torácica: Terço inferior do esterno (2 dedos),"Linha média do abdome, entre cicatriz umbilical e apêndice xifoide","Linha média do abdome, entre cicatriz umbilical e apêndice xifoide",Metade inferior do esterno (mesmo ponto de compressão da RCP)
,5. Objeto Visível na Boca?,NÃO Visível,"PRIORIDADE CLÍNICA, JUSTIFICATIVA & REGRAS DE OURO",,Conduta se Ficar Inconsciente,Deitar em plano rígido; iniciar RCP. Inspecionar a cavidade oral antes de ventilar,Apoiar até o solo; chamar 192 e iniciar RCP (30:2). Inspecionar boca antes de ventilar,"Aparar queda até o chão; ligar 192, pedir DEA e iniciar RCP 30:2 imediata","RCP imediata; na gestante (>20 sem), realizar deslocamento uterino manual à esquerda"
,6. Desfecho / Evolução:,Em Andamento (< 1 min),"🔴 RISCO IMINENTE DE ANOXIA CEREBRAL: Tempo crítico para inconsciência é de 60 a 90 segundos. Se a vítima perder a consciência a qualquer momento, ampare-a até o solo e inicie ciclos de RCP!",,Inspeção Oral & Regras de Ouro,NUNCA fazer varredura digital cega! Retirar apenas se claramente visível e pinçável,Não oferecer água nem tapas aleatórios no dorso. Manter ciclo contínuo até alívio,"Auto-Heimlich: se sozinho, apoie o punho acima do umbigo contra encosto de cadeira",Transporte hospitalar mandatório pós-desengasgo para descartar lesões internas
,🌳 ÁRVORE DE DECISÃO CLÍNICA DE DESENGASGO (OVACE) PASSO A PASSO,,,,,,,,
,ID / Etapa,Ponto de Decisão (Avaliação),Resposta / Condição,Desvio / Próximo Passo,Diagnóstico Clínico,Intervenção Imediata (Conduta),Por quê / Justificativa Clínica,Próximo Passo Crítico,Prioridade
,1.1,"Reconhecimento da OVACE: A vítima tosse com força, fala ou chora?",SIM (Tosse Eficaz),🟡 Monitorar e Estimular,Obstrução Leve de Vias Aéreas,Incentive a tosse contínua vigorosa. NÃO realize tapas nas costas nem compressões abdominais. Não dê água nem alimentos.,A tosse fisiológica produz pressões aéreas superiores a qualquer manobra mecânica externa e preserva a troca gasosa.,"Observar de perto. Se a tosse enfraquecer, cessar ou surgir estridor inspiratório, migrar imediatamente para Etapa 2.",Atenção Contínua
,1.2,"Reconhecimento da OVACE: Vítima em silêncio, tosse fraca, sinal universal ou cianose?",NÃO (Tosse Ineficaz / Afonia),🔴 Chamar Ajuda e Passo 2,Obstrução Grave de Vias Aéreas,"Identifique-se e declare: ""Vou te ajudar!"". Peça para alguém acionar o SAMU (192) e buscar um DEA imediatamente.",Asfixia completa gera anóxia encefálica rápida e evolução para PCR em questão de poucos minutos se não revertida.,"Checar o estado de consciência: vítima em pé/consciente vai para Etapa 2; se colapsar, ir para Etapa 3.",Emergência Grave
,2.1,Manobra em Adulto ou Criança Consciente (> 1 ano de idade),Consciente + Adulto/Criança,🔴 Manobra de Heimlich,OVACE Grave Consciente (Heimlich),Posicione-se atrás (ajoelhe-se se criança). Punho fechado na boca do estômago (acima do umbigo). Compressões rápidas para dentro e para cima (em 'J').,"A compressão subdiafragmática eleva o diafragma abruptamente, gerando tosse artificial por pressão intratorácica positiva.",Repetir as compressões vigorosamente até expelir o corpo estranho ou a vítima perder a consciência.,Urgência Crítica
,2.2,Manobra em Lactente Consciente (< 1 ano com afonia ou choro silencioso),Consciente + Lactente,🔴 5 Golpes Dorsais + 5 Compressões,OVACE Grave em Lactente (< 1 ano),Apoie o bebê de bruços sobre seu antebraço em declive apoiando a mandíbula. Aplique 5 golpes dorsais interescapulares e vire aplicando 5 compressões no tórax.,A anatomia frágil do lactente contraindica Heimlich abdominal pelo alto risco de laceração hepática ou esplênica.,"Repetir o ciclo 5:5 continuamente. Inspecionar a cavidade oral a cada virada; se objeto visível, retire-o em pinça.",Urgência Crítica
,2.3,Manobra em Gestante no 2º/3º Trimestre ou Obeso Mórbido Consciente,Gestante / Obeso Mórbido,🔴 Compressões Torácicas em Pé,OVACE Grave (Variação Torácica),Abrace a vítima pelas axilas ao nível do tórax médio. Aplique compressões rápidas e vigorosas contra o centro do esterno (sem apertar abdome).,Evita aumento súbito da pressão intra-abdominal em gestantes e contorna a ineficácia do abraço abdominal em obesos.,Manter as compressões no esterno até a desobstrução ou perda da consciência.,Urgência Crítica
,2.4,Auto-Atendimento: Vítima adulta engasgada e completamente desacompanhada,Vítima Solitária,🟠 Auto-Heimlich c/ Suporte,OVACE Grave sem Socorrista Presente,"Feche o punho contra o abdome superior e incline o corpo com força contra a borda de uma cadeira firme, mesa ou corrimão rígido.","Substitui a tração manual por alavanca de peso corporal, produzindo ejeção por descompressão pulmonar forçada.","Se não desobstruir e sentir perda iminente de sentidos, destranque a porta do local para facilitar acesso do resgate.",Emergência Grave
,3.1,Vítima de Engasgo Perdeu a Consciência (Adulto ou Pediátrico),Inconsciente / Não Responde,🔴 Transição Imediata para RCP,PCR por Obstrução de Via Aérea (Asfixia),"Amparar a vítima até o chão em superfície rígida. Acionar SAMU 192 (se ainda não feito), solicitar DEA e iniciar ciclos de RCP (30:2).",A anóxia cerebral induz parada cardíaca hipóxica; as compressões torácicas mantêm fluxo coronariano e auxiliam na expulsão do corpo estranho.,Realizar 30 compressões torácicas de alta qualidade (100-120/min) e preparar para abertura de vias aéreas.,PCR Crítica
,3.2,Abertura da Via Aérea durante a RCP: Objeto visível na boca?,SIM (Objeto Visível e Acessível),🟢 Remoção em Pinça Cuidadosa,Corpo Estranho em Cavidade Oral,"Tracione a mandíbula, abra a boca e remova o corpo estranho com movimento de pinça (dedo indicador ou pinça). Nunca empurre!",A perda do tônus de orofaringe e as compressões costumam projetar o corpo estranho para a cavidade oral visível.,"Após remover o objeto, tente fornecer 2 ventilações de resgate e observe a elevação torácica.",Intervenção Chave
,3.3,Abertura da Via Aérea durante a RCP: Objeto NÃO visível na boca?,NÃO Visível (Cavidade Vazia),⛔ PROIBIDO Varredura Cega!,Objeto Oculto / Hipofaringe,NÃO insira o dedo às cegas na boca! Forneça 2 ventilações de resgate e retome imediatamente 30 compressões torácicas.,A varredura digital cega pode impactar o objeto mais profundamente na traqueia ou causar espasmo e sangramento.,"Continuar ciclos ininterruptos de RCP (30:2), reolhando a cavidade oral apenas ao final de cada bloco de compressões.",Regra de Ouro
,4.1,Desfecho: Vítima expeliu o corpo estranho e recuperou ventilação espontânea,Corpo Estranho Expelido,🟢 Posição Lateral e Avaliação Médica,Vias Aéreas Desobstruídas,"Cesse manobras. Se consciente, mantenha em repouso confortável. Se inconsciente respirando, coloque em Posição Lateral de Segurança.","Manobras vigorosas podem causar lesões internas (laceração esplênica, fraturas costais ou edema pulmonar tardio).",Encaminhar obrigatoriamente para avaliação em serviço de urgência hospitalar para exame radiológico e endoscópico se indicado.,Estável
,4.2,Desfecho: Vítima permanece em PCR após múltiplos ciclos de RCP,PCR Mantida + DEA na Cena,⚡ Desfibrilação e RCP Contínua,PCR Hipóxica Refratária,"Ligue o DEA, conecte as pás no tórax limpo e seco. Siga as orientações sonoras: choque se indicado, retome RCP sem pausas imediatamente.",A hipóxia prolongada degrada o miocárdio gerando FV/TV ou assistolia; desfibrilação e compressões contínuas são a única chance de sobrevida.,Alternar socorristas a cada 2 minutos (5 ciclos) até chegada do suporte avançado (SAMU/UTI móvel).,PCR Crítica