,,,,,,,,,
,🚨 PROTOCOLO DE SUPORTE BÁSICO DE VIDA & RESSUSCITAÇÃO CARDIOPULMONAR (SBV / APH),,,,,,,,
,"Algoritmo de Intervenção Imediata • Avaliação Primária • Parada Respiratória • PCR Adulto, Criança e Lactente • Desfibrilação (DEA)",,,,,,,,
,,,,,,,,,
,🎛️ REGRAS DE OURO CLÍNICAS (AHA 2020 / SAMU 192),,,,📋 MATRIZ TÉCNICA COMPARATIVA DE SBV & RCP POR FAIXA ETÁRIA,,,,
,1. Segurança da Cena:,Regra de ouro primordial (socorrista ferido vira vítima),,Parâmetro Clínico,Lactente (< 1 ano),Criança (1a - Puberdade),Adulto & Adolescente,Regra de Ouro
,2. Dúvida no Pulso?,Tratar compulsoriamente como PCR imediata (atraso é letal),,Checagem de Pulso (≤ 10s),Pulso Braquial (face interna do braço),Pulso Carotídeo ou Femoral,Pulso Carotídeo (no pescoço),Se pulso < 60 bpm c/ má perfusão em pediatria: inicie RCP!
,3. Ritmo Universal:,100 a 120 compressões/min com retorno completo do tórax,,Posição e Técnica das Mãos,"1 socorr: 2 Dedos no esterno; 2 socorr: 2 Polegares circundando o tórax",1 ou 2 Mãos no terço inferior do esterno (conforme biotipo),2 Mãos entrelaçadas no centro do tórax (sobre o esterno),Retorno total do tórax a cada compressão; não apoiar peso
,4. Minimização de Pausas:,Nunca interromper compressões por mais de 10 segundos,,Profundidade da Compressão,"4 cm (1,5 pol) — aprox. 1/3 do diâmetro AP","5 cm (2 pol) — aprox. 1/3 do diâmetro AP",5 a 6 cm (nunca exceder 6 cm para evitar lesões),Ritmo universal: 100 a 120 compressões por minuto
,5. Uso Precoce do DEA:,Instalar assim que disponível; choque se indicado,,Relação Compressão:Ventilação,30:2 (1 socorrista) | 15:2 (2 socorristas),30:2 (1 socorrista) | 15:2 (2 socorristas),30:2 (sempre: seja com 1 ou 2 socorristas),"Em pediatria, relação 15:2 com 2 socorristas prioriza ventilação"
,6. Pós-Choque:,Retomar RCP imediatamente por 2 minutos sem checar pulso,,Ventilação Isolada / DEA,"Ventilação: 1 a cada 2-3s (20-30/min) | DEA: Atenuador pediátrico","Ventilação: 1 a cada 2-3s (20-30/min) | DEA: Pás pediátricas (< 8 anos)","Ventilação: 1 a cada 6s (10/min) | DEA: Pás adultas convencionais","DEA: se pás tocarem no tórax da criança/lactente, use posição anteroposterior!"
,🌳 ÁRVORE DE DECISÃO CLÍNICA DE SUPORTE BÁSICO DE VIDA (SBV) PASSO A PASSO,,,,,,,,
ID / Etapa,Ponto de Decisão (Avaliação),Resposta / Condição,Desvio / Próximo Passo,Diagnóstico Clínico,Intervenção Imediata (Conduta),Por quê / Justificativa Clínica,Próximo Passo Crítico,Prioridade
1.1,Avaliação da Cena: A cena está segura?,NÃO,⛔ Interromper avanço,Cena Insegura / Risco Iminente,"Não avance! Isole o local (risco elétrico, tráfego, colapso) e mantenha distância segura.",Garantir a segurança dos socorristas é a regra de ouro primordial do Suporte Básico. Um socorrista ferido se torna mais uma vítima comprometendo todo o atendimento.,Acionar Bombeiros (193) e SAMU (192). Aguardar liberação por equipe técnica.,alerta_vermelho
1.2,Avaliação da Cena: A cena está segura?,SIM,➡️ Seguir para Etapa 2,Cena Segura e Estabilizada,Aproxime-se da vítima com atenção e use EPIs (luvas e máscara de barreira).,Permite avaliação primária imediata sem risco à integridade da equipe de atendimento. O uso de EPIs protege contra contaminação biológica.,Testar responsividade e nível de consciência da vítima conforme faixa etária.,seguro
2.1,Responsividade: A vítima responde? (Toque firme nos ombros ou planta do pé se lactente),SIM,🟢 Manter e Investigar,Consciente / Responsiva,Mantenha a vítima na posição encontrada (se segura). Acalme e não movimente.,Evita o agravamento de possíveis traumas vertebrais ou lesões internas ocultas. Movimentar uma vítima consciente sem indicação pode provocar lesão medular irreversível.,Obtenha história clínica detalhada (SAMPLA) e acione socorro especializado se instável.,estavel
2.2,Responsividade: A vítima responde? (Toque firme nos ombros ou planta do pé se lactente),NÃO,➡️ Chamar Ajuda e Passo 3,Inconsciente / Não Responsiva,"Aponte especificamente: ""Você, ligue 192 e traga o DEA agora!"". Em pediatria isolada: 2 min RCP antes de buscar socorro.",Desencadeia a cadeia de sobrevivência e prepara desfibrilação / suporte precoce. Apontar uma pessoa específica evita o efeito espectador onde todos assumem que o outro vai agir.,Checar simultaneamente respiração e pulso central por no máximo 10 segundos.,urgencia
3.1,Localização do Pulso: Vítima Adulta ou Adolescente,Checagem em até 10s,➡️ Palpar Pulso Carotídeo,Avaliação Circulatória (Adulto),Palpe a artéria carótida no sulco entre a traqueia e os músculos do pescoço por 5 a 10s.,Pulso central mais confiável e de rápido acesso em adultos inconscientes. A carótida é facilmente palpável e não colapsa mesmo com hipotensão severa.,Se ausente ou dúvida: inicie RCP 30:2 imediata (5 a 6 cm no centro do esterno).,protocolo
3.2,Localização do Pulso: Criança (1 ano à Puberdade),Checagem em até 10s,➡️ Palpar Carotídeo ou Femoral,Avaliação Circulatória (Criança),"Palpe o pulso carotídeo ou femoral na virilha. Se FC < 60 bpm c/ má perfusão: trate como PCR!",Em crianças bradicardia acentuada com hipoperfusão gera colapso equivalente à PCR. A frequência cardíaca mínima aceitável em crianças é maior que em adultos.,"Se ausente ou FC < 60: inicie RCP imediata (1 socorr: 30:2 | 2 socorr: 15:2).",protocolo
3.3,Localização do Pulso: Lactente (< 1 ano),Checagem em até 10s,➡️ Palpar Pulso Braquial,Avaliação Circulatória (Lactente),Palpe a face interna do braço (artéria braquial). Evite carótida pelo pescoço curto.,A anatomia do lactente dificulta palpação carotídea sem ocluir a traqueia. O pescoço curto e a gordura subcutânea tornam o pulso braquial mais acessível e seguro.,"Se ausente ou FC < 60 bpm: inicie compressões com 2 dedos ou 2 polegares (15:2 ou 30:2).",protocolo
4.1,Respira normalmente e possui pulso palpável satisfatório?,SIM (Respira + Pulso),🟡 Posição de Recuperação,Inconsciente com Sinais Vitais,Coloque em Posição Lateral de Segurança (PLS) se sem trauma. Lactente: colo de lado.,Mantém vias aéreas permeáveis e impede broncoaspiração de saliva ou secreções. A PLS utiliza a gravidade para drenar secreções e evitar obstrução das vias aéreas.,Monitore respiração e pulso continuamente até a chegada da equipe do SAMU.,atencao_continua
4.2,Não respira (ou gasping) mas TEM pulso palpável presente?,NÃO Respira + Adulto,🟠 Ventilação de Resgate Adulto,Parada Respiratória (Adulto),Forneça 1 ventilação a cada 6 segundos (10/minuto) com bolsa-válvula-máscara ou barreira.,Restaura oxigenação tecidual sem a necessidade de compressões torácicas. Como o coração ainda bate compressões seriam desnecessárias e poderiam causar lesões.,"Reavalie o pulso carotídeo a cada 2 minutos. Se o pulso cessar inicie RCP 30:2 imediata!",emergencia_grave
4.3,Não respira (ou gasping) mas TEM pulso > 60 bpm presente?,NÃO Respira + Pediatria,🟠 Ventilação de Resgate Pediátrica,Parada Respiratória (Pediátrica),Forneça 1 ventilação a cada 2 a 3 segundos (20 a 30 ventilações/minuto) com volume suave.,Frequência respiratória basal na infância é superior; previne PCR de origem hipóxica. Em crianças a maioria das paradas cardíacas é precedida por falência respiratória.,"Reavalie pulso braquial/femoral a cada 2 min. Se FC cair para < 60 bpm: inicie compressões!",emergencia_grave
5.1,PCR Confirmada / Sem Pulso: Adulto ou Adolescente,Sem Pulso + Adulto,🔴 RCP 30:2 Adulto,PCR Adulto,"RCP com 2 mãos sobrepostas e entrelaçadas sobre o esterno; comprimir 5 a 6 cm no ritmo de 100 a 120/min. Relação 30:2.",Gera pressão de perfusão coronariana e cerebral essencial para reversão do quadro. Cada segundo sem compressão aumenta exponencialmente o dano neurológico irreversível.,Instale o DEA assim que chegar à cena e siga integralmente os comandos sonoros.,pcr_critica
5.2,PCR Confirmada / FC < 60: Criança (1 ano à Puberdade),Sem Pulso + Criança,🔴 RCP Criança (30:2 ou 15:2),PCR Criança,"Comprimir 5 cm com 1 ou 2 mãos no terço inferior do esterno (100-120/min). Se 1 socorrista: 30:2; se 2 socorristas: 15:2.",A relação 15:2 com 2 socorristas otimiza ventilação em paradas de etiologia hipóxica. Em crianças a causa primária é quase sempre respiratória tornando a ventilação proporcionalmente mais importante.,Conectar DEA com pás pediátricas (ou atenuador). Se ausente use as pás de adulto.,pcr_critica
5.3,PCR Confirmada / FC < 60: Lactente (< 1 ano),Sem Pulso + Lactente,🔴 RCP Lactente (30:2 ou 15:2),PCR Lactente,"Comprimir 4 cm. 1 socorrista: 2 dedos no centro do esterno (30:2). 2 socorristas: 2 polegares circundando o tórax (15:2).",A técnica dos 2 polegares gera maior pressão de pico sistólico e melhor perfusão coronária. Circundar o tórax com as mãos estabiliza a coluna e permite compressão mais eficiente.,Conectar DEA com atenuador pediátrico; pás em posição anteroposterior no tórax.,pcr_critica
5.4,Em dúvida se a vítima tem pulso ou respira normalmente?,"""NÃO SEI"" / DÚVIDA",🔴 Tratar Obrigatoriamente como PCR,Suspeita de PCR (Protocolo),Inicie compressões imediatamente conforme a idade da vítima. Nunca perca tempo checando pulso!,O dano de atrasar compressões é letal; o risco de comprimir um coração que ainda bate é desprezível. Estudos mostram que leigos e até profissionais erram na checagem de pulso com frequência.,Instale o DEA com urgência. O aparelho analisará se existe ritmo chocável (FV/TV).,pcr_critica
6.1,Desfibrilação Externa Automática: DEA disponível na cena,DEA LIGADO,⚡ Análise e Choque,Desfibrilação Precoce,"Adulto: pás padrão anterolateral. Criança/Lactente: pás pediátricas (ou anteroposterior se encostarem).",Desfibrilação rápida (< 3-5 min) reverte ritmos chocáveis (FV/TV) antes da assistolia. Para cada minuto sem desfibrilação a chance de sobrevivência cai 10%.,"Após choque ou aviso de não chocar retome RCP imediatamente por 2 minutos sem interrupção.",intervencao_chave
